{"cameraMode":{"drawMode":0,"name":"Shaded","section":"Shading Mode"},"sceneLighting":true,"audioPlay":false,"sceneViewState":{"showFog":true,"showMaterialUpdate":false,"showSkybox":false,"showFlares":true,"showImageEffects":true,"showParticleSystems":true},"in2DMode":false,"pivot":{"x":2.7967844009399416,"y":1.0,"z":0.0700075626373291},"rotation":{"x":0.0855230838060379,"y":0.8636142015457153,"z":-0.15661053359508515,"w":0.47156453132629397},"size":1.2247449159622193,"orthographic":false}